-- Tabela UNIDADE
INSERT INTO UNIDADE (id, nome, endereco, uf, cidade, pais, telefone) VALUES 
(1, 'Unidade Central', 'Rua Principal, 123', 'SP', 'São Paulo', 'Brasil', '11999999999'); 
INSERT INTO UNIDADE (id, nome, endereco, uf, cidade, pais, telefone) VALUES 
(2, 'Unidade Norte', 'Avenida Norte, 456', 'SP', 'São Paulo', 'Brasil', '11988888888'); 
INSERT INTO UNIDADE (id, nome, endereco, uf, cidade, pais, telefone) VALUES 
(3, 'Unidade Sul', 'Rua Sul, 789', 'RJ', 'Rio de Janeiro', 'Brasil', '21977777777');


-- Tabela PLANO
INSERT INTO PLANO (id, nome, descricao, preco_mensal, fidelidade, unidade_id) VALUES 
(1, 'Plano Basic', 'Acesso limitado', 99.90, 1, 1); 
INSERT INTO PLANO (id, nome, descricao, preco_mensal, fidelidade, unidade_id) VALUES 
(2, 'Plano Premium', 'Acesso ilimitado', 199.90, 12, 1); 
INSERT INTO PLANO (id, nome, descricao, preco_mensal, fidelidade, unidade_id) VALUES 
(3, 'Plano Família', 'Até 4 dependentes', 299.90, 2, 2); 
INSERT INTO PLANO (id, nome, descricao, preco_mensal, fidelidade, unidade_id) VALUES 
(4, 'Plano Super Premium', 'Acesso ilimitado e direito a Instrutor e Nutri', 250.00, 12, 1); 
INSERT INTO PLANO (id, nome, descricao, preco_mensal, fidelidade, unidade_id) VALUES 
(5, 'Plano Basic', 'Acesso limitado', 50.00, 1, 2);


-- Tabela CARGO
INSERT INTO CARGO (id, nome, descricao, salario) VALUES 
(1, 'Instrutor', 'Responsável por ministrar aulas', 3000.00); 
INSERT INTO CARGO (id, nome, descricao, salario) VALUES 
(2, 'Recepcionista', 'Atendimento ao público', 1500.00); 
INSERT INTO CARGO (id, nome, descricao, salario) VALUES 
(3, 'Gerente', 'Gerenciamento geral', 5000.00); 
INSERT INTO CARGO (id, nome, descricao, salario) VALUES 
(4, 'Nutricionista', 'Responsável pela avaliação corporal dos alunos', 3200.00);


-- Tabela IDENTIFICACAO
INSERT INTO IDENTIFICACAO (id, nome, cpf, unidade_id, data_nascimento, endereco, telefone) VALUES
(1, 'João Silva', '12345678901', 1, '1990-01-01', 'Rua A, 10', '11999990000'),
(2, 'Maria Oliveira', '23456789012', 2, '1985-05-05', 'Rua B, 20', '11988880000'),
(3, 'Pedro Santos', '34567890123', 1, '1992-03-03', 'Rua C, 30', '11977770000'),
(4, 'Ana Costa', '45678901234', 3, '1995-07-07', 'Rua D, 40', '21966660000'),
(5, 'Carlos Lima', '56789012345', 1, '1980-09-09', 'Rua E, 50', '11955550000'),
(6, 'Dawnson Oliveira', '17701589620', 1, '1995-01-20', 'Rua de Niterói', '21985053125'),
(7, 'Fernanda Souza', '67890123456', 2, '1988-02-02', 'Rua F, 60', '21944440000'),
(8, 'Ricardo Almeida', '78901234567', 3, '1979-04-04', 'Rua G, 70', '21933330000'),
(9, 'Juliana Pereira', '89012345678', 1, '1991-06-06', 'Rua H, 80', '21922220000'),
(10, 'André Martins', '90123456789', 2, '1982-08-08', 'Rua I, 90', '21911110000'),
(11, 'Lúcia Fernandes', '01234567890', 3, '1994-10-10', 'Rua J, 100', '21900000000'),
(12, 'Paulo Azevedo', '23456789012', 1, '1987-11-11', 'Rua K, 110', '11999991111'),
(13, 'Cláudia Ribeiro', '34567890123', 2, '1993-12-12', 'Rua L, 120', '11988882222'),
(14, 'Gabriel Rocha', '45678901234', 3, '1989-01-13', 'Rua M, 130', '11977773333'),
(15, 'Mariana Lima', '56789012345', 1, '1990-03-14', 'Rua N, 140', '11966664444'),
(16, 'Fernando Gomes', '67890123456', 2, '1985-05-15', 'Rua O, 150', '11955555555'),
(17, 'Patrícia Carvalho', '78901234567', 3, '1992-07-16', 'Rua P, 160', '11944446666'),
(18, 'Rafael Sousa', '89012345678', 1, '1996-09-17', 'Rua Q, 170', '11933337777'),
(19, 'Carolina Teixeira', '90123456789', 2, '1983-11-18', 'Rua R, 180', '11922228888'),
(20, 'Bruno Barros', '01234567890', 3, '1980-02-19', 'Rua S, 190', '11911119999'),
(21, 'Alice Santos', '12345678901', 1, '1991-04-20', 'Rua T, 200', '11900001111'),
(22, 'Felipe Correia', '23456789012', 2, '1986-06-21', 'Rua U, 210', '11999992222'),
(23, 'Elaine Costa', '34567890123', 3, '1994-08-22', 'Rua V, 220', '11988883333'),
(24, 'Thiago Silva', '45678901234', 1, '1988-10-23', 'Rua W, 230', '11977774444'),
(25, 'Bianca Souza', '56789012345', 2, '1995-12-24', 'Rua X, 240', '11966665555'),
(26, 'Vinícius Machado', '67890123456', 3, '1990-03-25', 'Rua Y, 250', '11955556666'),
(27, 'Larissa Barbosa', '78901234567', 1, '1993-05-26', 'Rua Z, 260', '11944447777'),
(28, 'Daniel Fernandes', '89012345678', 2, '1987-07-27', 'Rua AA, 270', '11933338888'),
(29, 'Renata Rocha', '90123456789', 3, '1991-09-28', 'Rua BB, 280', '11922229999'),
(30, 'Eduardo Pereira', '01234567890', 1, '1984-11-29', 'Rua CC, 290', '11911110000'),
(31, 'Camila Almeida', '12345678901', 2, '1990-01-30', 'Rua DD, 300', '11900001122'),
(32, 'Marcelo Ribeiro', '23456789012', 3, '1986-03-31', 'Rua EE, 310', '11999993333'),
(33, 'Isabela Correia', '34567890123', 1, '1992-05-01', 'Rua FF, 320', '11988884444'),
(34, 'Leandro Sousa', '45678901234', 2, '1989-07-02', 'Rua GG, 330', '11977775555'),
(35, 'Juliana Martins', '56789012345', 3, '1985-09-03', 'Rua HH, 340', '11966666666'),
(36, 'Rafael Azevedo', '67890123456', 1, '1993-11-04', 'Rua II, 350', '11955557777'),
(37, 'Lívia Santos', '78901234567', 2, '1987-02-05', 'Rua JJ, 360', '11944448888'),
(38, 'Lucas Gomes', '89012345678', 3, '1995-04-06', 'Rua KK, 370', '11933339999'),
(39, 'Mariana Teixeira', '90123456789', 1, '1990-06-07', 'Rua LL, 380', '11922220000'),
(40, 'Fernando Barros', '01234567890', 2, '1986-08-08', 'Rua MM, 390', '11911111111'),
(41, 'Patrícia Souza', '12345678901', 3, '1989-10-09', 'Rua NN, 400', '11900002222'),
(42, 'Felipe Fernandes', '23456789012', 1, '1988-12-10', 'Rua OO, 410', '11999994444'),
(43, 'Carolina Barbosa', '34567890123', 2, '1993-03-11', 'Rua PP, 420', '11988885555'),
(44, 'Bruno Costa', '45678901234', 3, '1985-05-12', 'Rua QQ, 430', '11977776666'),
(45, 'Camila Sousa', '56789012345', 1, '1991-07-13', 'Rua RR, 440', '11966667777'),
(46, 'Eduardo Rocha', '67890123456', 2, '1987-09-14', 'Rua SS, 450', '11955558888'),
(47, 'Larissa Pereira', '78901234567', 3, '1994-11-15', 'Rua TT, 460', '11944449999'),
(48, 'André Martins', '89012345678', 1, '1983-01-16', 'Rua UU, 470', '11933331111');


-- Tabela IDENTIFICADOR
INSERT INTO IDENTIFICADOR (id, identificacao_id, ativo) VALUES
(1, 1, 1),
(2, 2, 1),
(3, 3, 1),
(4, 4, 1),
(5, 5, 1),
(6, 6, 1),
(7, 7, 1),
(8, 8, 1),
(9, 9, 1),
(10, 10, 1),
(11, 11, 1),
(12, 12, 1),
(13, 13, 1),
(14, 14, 1),
(15, 15, 1),
(16, 16, 1),
(17, 17, 1),
(18, 18, 1),
(19, 19, 1),
(20, 20, 1),
(21, 21, 1),
(22, 22, 1),
(23, 23, 1),
(24, 24, 1),
(25, 25, 1),
(26, 26, 1),
(27, 27, 1),
(28, 28, 1),
(29, 29, 1),
(30, 30, 1),
(31, 31, 1),
(32, 32, 1),
(33, 33, 1),
(34, 34, 1),
(35, 35, 1),
(36, 36, 1),
(37, 37, 1),
(38, 38, 1),
(39, 39, 1),
(40, 40, 1),
(41, 41, 1),
(42, 42, 1),
(43, 43, 1),
(44, 44, 1),
(45, 45, 1),
(46, 46, 1),
(47, 47, 1),
(48, 48, 1);


-- Tabela FUNCIONARIO
INSERT INTO FUNCIONARIO (id, identificador_id, data_contratacao, cargo_id) VALUES 
(1, 1, '2020-01-01', 1), 
(2, 2, '2019-05-01', 2), 
(3, 3, '2019-05-01', 3), 
(4, 4, '2021-06-01', 1), 
(5, 5, '2022-07-01', 2), 
(6, 6, '2025-01-01', 4), 
(7, 7, '2020-02-01', 1), 
(8, 8, '2019-06-01', 2), 
(9, 9, '2019-06-01', 3), 
(10, 10, '2021-07-01', 1), 
(11, 11, '2022-08-01', 2), 
(12, 12, '2025-02-01', 4), 
(13, 13, '2020-03-01', 1), 
(14, 14, '2019-07-01', 2), 
(15, 15, '2019-07-01', 3), 
(16, 16, '2021-08-01', 1), 
(17, 17, '2022-09-01', 2), 
(18, 18, '2025-03-01', 4), 
(19, 19, '2020-04-01', 1), 
(20, 20, '2019-08-01', 2), 
(21, 21, '2019-08-01', 3), 
(22, 22, '2021-09-01', 1), 
(23, 23, '2022-10-01', 2), 
(24, 24, '2025-04-01', 4), 
(25, 25, '2020-05-01', 1);


-- Tabela ALUNO
INSERT INTO ALUNO (id, identificador_id, data_cadastro, plano_id) VALUES 
(1, 1, '2023-01-01', 2), 
(2, 2, '2023-02-01', 4), 
(3, 3, '2023-03-01', 3), 
(4, 4, '2023-04-01', 1), 
(5, 5, '2023-05-01', 1), 
(6, 6, '2023-06-01', 2), 
(7, 7, '2023-07-01', 3), 
(8, 8, '2023-08-01', 4), 
(9, 9, '2023-09-01', 1), 
(10, 10, '2023-10-01', 2), 
(11, 11, '2023-11-01', 3), 
(12, 12, '2023-12-01', 4), 
(13, 13, '2024-01-01', 1), 
(14, 14, '2024-02-01', 2), 
(15, 15, '2024-03-01', 3), 
(16, 16, '2024-04-01', 4), 
(17, 17, '2024-05-01', 1), 
(18, 18, '2024-06-01', 2), 
(19, 19, '2024-07-01', 3), 
(20, 20, '2024-08-01', 4), 
(21, 21, '2024-09-01', 1), 
(22, 22, '2024-10-01', 2), 
(23, 23, '2024-11-01', 3), 
(24, 24, '2024-12-01', 4), 
(25, 25, '2025-01-01', 1), 
(26, 26, '2025-02-01', 2), 
(27, 27, '2025-03-01', 3), 
(28, 28, '2025-04-01', 4), 
(29, 29, '2025-05-01', 1), 
(30, 30, '2025-06-01', 2), 
(31, 31, '2025-07-01', 3), 
(32, 32, '2025-08-01', 4), 
(33, 33, '2025-09-01', 1), 
(34, 34, '2025-10-01', 2), 
(35, 35, '2025-11-01', 3), 
(36, 36, '2025-12-01', 4), 
(37, 37, '2026-01-01', 1), 
(38, 38, '2026-02-01', 2), 
(39, 39, '2026-03-01', 3), 
(40, 40, '2026-04-01', 4), 
(41, 41, '2026-05-01', 1), 
(42, 42, '2026-06-01', 2), 
(43, 43, '2026-07-01', 3), 
(44, 44, '2026-08-01', 4), 
(45, 45, '2026-09-01', 1), 
(46, 46, '2026-10-01', 2), 
(47, 47, '2026-11-01', 3), 
(48, 48, '2026-12-01', 4);


-- Tabela EQUIPAMENTO
INSERT INTO EQUIPAMENTO (id, nome, descricao, data_aquisicao) VALUES
(1, 'Cadeira Extensora', 'Equipamento para extensões de perna', '2022-01-01 00:00:00'),
(2, 'Pulley', 'Equipamento para atividades diversas', '2022-02-01 00:00:00'),
(3, 'Halter', 'Equipamento para musculação', '2022-03-01 00:00:00'),
(4, 'Supino', 'Equipamento para supino', '2022-04-01 00:00:00'),
(5, 'Leg Press', 'Equipamento para leg press', '2022-05-01 00:00:00'),
(6, 'Remo', 'Equipamento para treino de remo', '2022-06-01 00:00:00'),
(7, 'Esteira', 'Equipamento para caminhada e corrida', '2022-07-01 00:00:00'),
(8, 'Bicicleta Ergométrica', 'Equipamento para simulação de pedalada', '2022-08-01 00:00:00'),
(9, 'Elíptico', 'Equipamento para treino cardiovascular', '2022-09-01 00:00:00'),
(10, 'Multi-estação', 'Equipamento para exercícios variados', '2022-10-01 00:00:00'),
(11, 'Paralelas', 'Equipamento para exercício de braços', '2022-11-01 00:00:00'),
(12, 'Roda de Abdominal', 'Equipamento para treino de abdômen', '2022-12-01 00:00:00'),
(13, 'Puxador Vertical', 'Equipamento para treino de costas', '2023-01-01 00:00:00'),
(14, 'Puxador Horizontal', 'Equipamento para treino de dorsais', '2023-02-01 00:00:00'),
(15, 'Banco Reto', 'Equipamento para exercícios diversos', '2023-03-01 00:00:00'),
(16, 'Banco Inclinado', 'Equipamento para supino inclinado', '2023-04-01 00:00:00'),
(17, 'Banco Declinado', 'Equipamento para supino declinado', '2023-05-01 00:00:00'),
(18, 'Corda Naval', 'Equipamento para treino funcional', '2023-06-01 00:00:00'),
(19, 'TRX', 'Equipamento para treino de suspensão', '2023-07-01 00:00:00'),
(20, 'Bosu', 'Equipamento para treino de equilíbrio', '2023-08-01 00:00:00'),
(21, 'Medicine Ball', 'Equipamento para treino de força', '2023-09-01 00:00:00'),
(22, 'Rolo de Espuma', 'Equipamento para liberação miofascial', '2023-10-01 00:00:00'),
(23, 'Barra Fixa', 'Equipamento para exercício de puxada', '2023-11-01 00:00:00'),
(24, 'Barra Paralela', 'Equipamento para flexões de braço', '2023-12-01 00:00:00'),
(25, 'Kettlebell', 'Equipamento para treino de força', '2024-01-01 00:00:00'),
(26, 'Anilha', 'Equipamento para musculação', '2024-02-01 00:00:00'),
(27, 'Roda de Yoga', 'Equipamento para alongamento', '2024-03-01 00:00:00'),
(28, 'Barra Olímpica', 'Equipamento para levantamento de peso', '2024-04-01 00:00:00'),
(29, 'Disco de Equilíbrio', 'Equipamento para treino de equilíbrio', '2024-05-01 00:00:00'),
(30, 'Step', 'Equipamento para treino de cardio', '2024-06-01 00:00:00'),
(31, 'Jump', 'Equipamento para treino de alta intensidade', '2024-07-01 00:00:00'),
(32, 'Bandas Elásticas', 'Equipamento para resistência', '2024-08-01 00:00:00'),
(33, 'Roda Abdominal', 'Equipamento para treino de core', '2024-09-01 00:00:00'),
(34, 'Coletes de Peso', 'Equipamento para aumento de carga', '2024-10-01 00:00:00'),
(35, 'Espaldar', 'Equipamento para alongamento', '2024-11-01 00:00:00'),
(36, 'Estação de Musculação', 'Equipamento multifuncional', '2024-12-01 00:00:00'),
(37, 'Adutor/Abdutor', 'Equipamento para treino de pernas', '2025-01-01 00:00:00'),
(38, 'Calf Machine', 'Equipamento para panturrilhas', '2025-02-01 00:00:00'),
(39, 'Crossover', 'Equipamento para treino de peito', '2025-03-01 00:00:00'),
(40, 'Hack Squat', 'Equipamento para agachamento', '2025-04-01 00:00:00'),
(41, 'Hammer', 'Equipamento para musculação', '2025-05-01 00:00:00'),
(42, 'Leg Curl', 'Equipamento para flexão de pernas', '2025-06-01 00:00:00'),
(43, 'Mesa Flexora', 'Equipamento para isquiotibiais', '2025-07-01 00:00:00'),
(44, 'Pec Deck', 'Equipamento para peito e costas', '2025-08-01 00:00:00'),
(45, 'Smith Machine', 'Equipamento para levantamento', '2025-09-01 00:00:00'),
(46, 'Plataforma Vibratória', 'Equipamento para treino vibratório', '2025-10-01 00:00:00'),
(47, 'Luva de Musculação', 'Equipamento de proteção', '2025-11-01 00:00:00'),
(48, 'Cinto de Musculação', 'Equipamento de suporte', '2025-12-01 00:00:00'),
(49, 'Barra de Pescoço', 'Equipamento de proteção', '2026-01-01 00:00:00'),
(50, 'Caixa Plyo', 'Equipamento para pliometria', '2026-02-01 00:00:00');


-- Tabela GRUPO_MUSCULAR
INSERT INTO GRUPO_MUSCULAR (id, nome) VALUES 
(1, 'Quadríceps'), 
(2, 'Tríceps'), 
(3, 'Bíceps'), 
(4, 'Dorsal'), 
(5, 'Peitoral'), 
(6, 'Abdômen'), 
(7, 'Glúteos'), 
(8, 'Panturrilha'), 
(9, 'Ombros'), 
(10, 'Trapézio'), 
(11, 'Coxa'), 
(12, 'Antebraço'), 
(13, 'Lombar'), 
(14, 'Pescoço'), 
(15, 'Adutores'), 
(16, 'Isquiotibiais'), 
(17, 'Fáscia Toracolombar'), 
(18, 'Serrátil Anterior'), 
(19, 'Intercostais'), 
(20, 'Eretor da Espinha'), 
(21, 'Romboides'), 
(22, 'Rotadores Externos'), 
(23, 'Rotadores Internos'), 
(24, 'Sóleo'), 
(25, 'Sartório');


-- Tabela EXERCICIO
INSERT INTO EXERCICIO (id, nome, descricao, equipamento_id, grupo_muscular_id) VALUES
(1, 'Extensão de Perna', 'Trabalha quadríceps', 1, 1),
(2, 'Tríceps Pulley', 'Trabalha tríceps', 2, 2),
(3, 'Rosca Direta', 'Trabalha bíceps', 3, 3),
(4, 'Remada no Pulley', 'Trabalha dorsal parte central', 2, 4),
(5, 'Supino Reto', 'Trabalha peitoral', 2, 5),
(6, 'Flexão de Braço', 'Trabalha peitoral', 3, 5),
(7, 'Agachamento Livre', 'Trabalha glúteos e quadríceps', 1, 7),
(8, 'Elevação de Panturrilha', 'Trabalha panturrilha', 2, 8),
(9, 'Desenvolvimento com Halteres', 'Trabalha ombros', 3, 9),
(10, 'Encolhimento de Ombros', 'Trabalha trapézio', 3, 10),
(11, 'Leg Press', 'Trabalha coxa e glúteos', 1, 11),
(12, 'Rosca Inversa', 'Trabalha antebraço', 3, 12),
(13, 'Levantamento Terra', 'Trabalha lombar', 3, 13),
(14, 'Encostamento', 'Trabalha pescoço', 2, 14),
(15, 'Abdução de Coxa', 'Trabalha adutores', 1, 15),
(16, 'Flexora de Pernas', 'Trabalha isquiotibiais', 1, 16),
(17, 'Pulldown', 'Trabalha dorsal', 2, 4),
(18, 'Elevação Lateral', 'Trabalha ombros', 3, 9),
(19, 'Cadeira Abdutora', 'Trabalha abdutores', 1, 15),
(20, 'Crucifixo', 'Trabalha peitoral', 2, 5),
(21, 'Mesa Flexora', 'Trabalha isquiotibiais', 1, 16),
(22, 'Extensão de Tríceps', 'Trabalha tríceps', 2, 2),
(23, 'Remada Curvada', 'Trabalha dorsal', 3, 4),
(24, 'Crossover', 'Trabalha peitoral', 2, 5),
(25, 'Flexão Lateral', 'Trabalha abdômen', 3, 6),
(26, 'Elevação Frontal', 'Trabalha ombros', 3, 9),
(27, 'Desenvolvimento com Barra', 'Trabalha ombros', 3, 9),
(28, 'Rosca Concentrada', 'Trabalha bíceps', 3, 3),
(29, 'Avanço', 'Trabalha glúteos e quadríceps', 1, 7),
(30, 'Cadeira Adutora', 'Trabalha adutores', 1, 15),
(31, 'Supino Inclinado', 'Trabalha peitoral', 2, 5),
(32, 'Pullover', 'Trabalha peitoral', 2, 5),
(33, 'Abdominal Infra', 'Trabalha abdômen', 3, 6),
(34, 'Elevação do Tronco', 'Trabalha abdômen', 3, 6),
(35, 'Flexão com Rotação', 'Trabalha abdômen e oblíquos', 3, 6),
(36, 'Remada Serrote', 'Trabalha dorsal', 3, 4),
(37, 'Elevação de Quadril', 'Trabalha glúteos', 1, 7),
(38, 'Extensão Lombar', 'Trabalha lombar', 1, 13),
(39, 'Abdominal com Roda', 'Trabalha abdômen', 3, 6),
(40, 'Remada Alta', 'Trabalha ombros', 2, 9),
(41, 'Crucifixo Inverso', 'Trabalha dorsal', 3, 4),
(42, 'Paralelas', 'Trabalha peitoral e tríceps', 3, 2),
(43, 'Agachamento Hack', 'Trabalha glúteos e quadríceps', 1, 7),
(44, 'Flexora Standing', 'Trabalha isquiotibiais', 1, 16),
(45, 'Extensão com Corda', 'Trabalha tríceps', 2, 2),
(46, 'Supino Declinado', 'Trabalha peitoral', 2, 5),
(47, 'Flexão Explosiva', 'Trabalha peitoral e tríceps', 3, 5),
(48, 'Puxada Alta', 'Trabalha dorsal', 2, 4),
(49, 'Elevação Pélvica', 'Trabalha glúteos', 1, 7),
(50, 'Twist Abdominal', 'Trabalha abdômen e oblíquos', 3, 6);


-- Tabela PLANO_TREINO
INSERT INTO PLANO_TREINO (id, exercicio_id, repeticoes, series, carga, aluno_id, ativo) VALUES
(1, 1, 15, 3, 20, 1, 1),
(2, 2, 12, 3, 40, 2, 1),
(3, 3, 10, 4, 15, 3, 1),
(4, 2, 12, 3, 30, 1, 1),
(5, 3, 12, 3, 25, 2, 1),
(6, 4, 15, 3, 20, 4, 1),
(7, 5, 12, 3, 40, 5, 1),
(8, 6, 10, 4, 15, 6, 1),
(9, 7, 12, 3, 30, 7, 1),
(10, 8, 12, 3, 25, 8, 1),
(11, 9, 15, 3, 20, 9, 1),
(12, 10, 12, 3, 40, 10, 1),
(13, 11, 10, 4, 15, 11, 1),
(14, 12, 12, 3, 30, 12, 1),
(15, 13, 12, 3, 25, 13, 1),
(16, 14, 15, 3, 20, 14, 1),
(17, 15, 12, 3, 40, 15, 1),
(18, 16, 10, 4, 15, 16, 1),
(19, 17, 12, 3, 30, 17, 1),
(20, 18, 12, 3, 25, 18, 1),
(21, 19, 15, 3, 20, 19, 1),
(22, 20, 12, 3, 40, 20, 1),
(23, 21, 10, 4, 15, 21, 1),
(24, 22, 12, 3, 30, 22, 1),
(25, 23, 12, 3, 25, 23, 1),
(26, 24, 15, 3, 20, 24, 1),
(27, 25, 12, 3, 40, 25, 1),
(28, 26, 10, 4, 15, 26, 1),
(29, 27, 12, 3, 30, 27, 1),
(30, 28, 12, 3, 25, 28, 1),
(31, 29, 15, 3, 20, 29, 1),
(32, 30, 12, 3, 40, 30, 1),
(33, 31, 10, 4, 15, 31, 1),
(34, 32, 12, 3, 30, 32, 1),
(35, 33, 12, 3, 25, 33, 1),
(36, 34, 15, 3, 20, 34, 1),
(37, 35, 12, 3, 40, 35, 1),
(38, 36, 10, 4, 15, 36, 1),
(39, 37, 12, 3, 30, 37, 1),
(40, 38, 12, 3, 25, 38, 1),
(41, 39, 15, 3, 20, 39, 1),
(42, 40, 12, 3, 40, 40, 1),
(43, 41, 10, 4, 15, 41, 1),
(44, 42, 12, 3, 30, 42, 1),
(45, 43, 12, 3, 25, 43, 1),
(46, 44, 15, 3, 20, 44, 1),
(47, 45, 12, 3, 40, 45, 1),
(48, 46, 10, 4, 15, 46, 1),
(49, 47, 12, 3, 30, 47, 1),
(50, 48, 12, 3, 25, 48, 1);


-- Tabela HISTORICO_TREINO
INSERT INTO HISTORICO_TREINO (id, data_inicio, data_fim, plano_treino_id) VALUES 
(1, '2023-01-01 10:00:00', '2023-01-01 11:00:00', 1), 
(2, '2023-02-01 15:00:00', '2023-02-01 16:00:00', 2), 
(3, '2023-03-01 10:00:00', '2023-03-01 11:00:00', 3), 
(4, '2023-04-01 15:00:00', '2023-04-01 16:00:00', 4), 
(5, '2023-05-01 10:00:00', '2023-05-01 11:00:00', 5), 
(6, '2023-06-01 15:00:00', '2023-06-01 16:00:00', 6), 
(7, '2023-07-01 10:00:00', '2023-07-01 11:00:00', 7), 
(8, '2023-08-01 15:00:00', '2023-08-01 16:00:00', 8), 
(9, '2023-09-01 10:00:00', '2023-09-01 11:00:00', 9), 
(10, '2023-10-01 15:00:00', '2023-10-01 16:00:00', 10), 
(11, '2023-11-01 10:00:00', '2023-11-01 11:00:00', 11), 
(12, '2023-12-01 15:00:00', '2023-12-01 16:00:00', 12), 
(13, '2024-01-01 10:00:00', '2024-01-01 11:00:00', 13), 
(14, '2024-02-01 15:00:00', '2024-02-01 16:00:00', 14), 
(15, '2024-03-01 10:00:00', '2024-03-01 11:00:00', 15), 
(16, '2024-04-01 15:00:00', '2024-04-01 16:00:00', 16), 
(17, '2024-05-01 10:00:00', '2024-05-01 11:00:00', 17), 
(18, '2024-06-01 15:00:00', '2024-06-01 16:00:00', 18), 
(19, '2024-07-01 10:00:00', '2024-07-01 11:00:00', 19), 
(20, '2024-08-01 15:00:00', '2024-08-01 16:00:00', 20), 
(21, '2024-09-01 10:00:00', '2024-09-01 11:00:00', 21), 
(22, '2024-10-01 15:00:00', '2024-10-01 16:00:00', 22), 
(23, '2024-11-01 10:00:00', '2024-11-01 11:00:00', 23), 
(24, '2024-12-01 15:00:00', '2024-12-01 16:00:00', 24), 
(25, '2025-01-01 10:00:00', '2025-01-01 11:00:00', 25), 
(26, '2025-02-01 15:00:00', '2025-02-01 16:00:00', 26), 
(27, '2025-03-01 10:00:00', '2025-03-01 11:00:00', 27), 
(28, '2025-04-01 15:00:00', '2025-04-01 16:00:00', 28), 
(29, '2025-05-01 10:00:00', '2025-05-01 11:00:00', 29), 
(30, '2025-06-01 15:00:00', '2025-06-01 16:00:00', 30), 
(31, '2025-07-01 10:00:00', '2025-07-01 11:00:00', 31), 
(32, '2025-08-01 15:00:00', '2025-08-01 16:00:00', 32), 
(33, '2025-09-01 10:00:00', '2025-09-01 11:00:00', 33), 
(34, '2025-10-01 15:00:00', '2025-10-01 16:00:00', 34), 
(35, '2025-11-01 10:00:00', '2025-11-01 11:00:00', 35), 
(36, '2025-12-01 15:00:00', '2025-12-01 16:00:00', 36), 
(37, '2026-01-01 10:00:00', '2026-01-01 11:00:00', 37), 
(38, '2026-02-01 15:00:00', '2026-02-01 16:00:00', 38), 
(39, '2026-03-01 10:00:00', '2026-03-01 11:00:00', 39), 
(40, '2026-04-01 15:00:00', '2026-04-01 16:00:00', 40), 
(41, '2026-05-01 10:00:00', '2026-05-01 11:00:00', 41), 
(42, '2026-06-01 15:00:00', '2026-06-01 16:00:00', 42), 
(43, '2026-07-01 10:00:00', '2026-07-01 11:00:00', 43), 
(44, '2026-08-01 15:00:00', '2026-08-01 16:00:00', 44), 
(45, '2026-09-01 10:00:00', '2026-09-01 11:00:00', 45), 
(46, '2026-10-01 15:00:00', '2026-10-01 16:00:00', 46), 
(47, '2026-11-01 10:00:00', '2026-11-01 11:00:00', 47), 
(48, '2026-12-01 15:00:00', '2026-12-01 16:00:00', 48), 
(49, '2027-01-01 10:00:00', '2027-01-01 11:00:00', 49), 
(50, '2027-02-01 15:00:00', '2027-02-01 16:00:00', 50);


-- Tabela RESERVA
INSERT INTO RESERVA (id, data, plano_treino_id, instrutor_id) VALUES
(1, '2025-01-09 20:44:45', 1, 1),
(2, '2025-01-10 14:30:00', 2, 2),
(3, '2025-01-11 16:00:00', 3, 3),
(4, '2025-01-12 10:00:00', 4, 4),
(5, '2025-01-13 18:00:00', 5, 5),
(6, '2025-01-14 09:00:00', 6, 1),
(7, '2025-01-15 15:00:00', 7, 2),
(8, '2025-01-16 11:00:00', 8, 3),
(9, '2025-01-17 17:00:00', 9, 4),
(10, '2025-01-18 13:00:00', 10, 5),
(11, '2025-01-19 19:00:00', 11, 1),
(12, '2025-01-20 08:00:00', 12, 2),
(13, '2025-01-21 14:00:00', 13, 3),
(14, '2025-01-22 10:00:00', 14, 4),
(15, '2025-01-23 16:00:00', 15, 5),
(16, '2025-01-24 12:00:00', 16, 1),
(17, '2025-01-25 18:00:00', 17, 2),
(18, '2025-01-26 09:00:00', 18, 3),
(19, '2025-01-27 15:00:00', 19, 4),
(20, '2025-01-28 11:00:00', 20, 5),
(21, '2025-01-29 17:00:00', 21, 1),
(22, '2025-01-30 08:00:00', 22, 2),
(23, '2025-01-31 14:00:00', 23, 3),
(24, '2025-02-01 10:00:00', 24, 4),
(25, '2025-02-02 16:00:00', 25, 5),
(26, '2025-02-03 12:00:00', 26, 1),
(27, '2025-02-04 18:00:00', 27, 2),
(28, '2025-02-05 09:00:00', 28, 3),
(29, '2025-02-06 15:00:00', 29, 4),
(30, '2025-02-07 11:00:00', 30, 5),
(31, '2025-02-08 17:00:00', 31, 1),
(32, '2025-02-09 08:00:00', 32, 2),
(33, '2025-02-10 14:00:00', 33, 3),
(34, '2025-02-11 10:00:00', 34, 4),
(35, '2025-02-12 16:00:00', 35, 5),
(36, '2025-02-13 12:00:00', 36, 1),
(37, '2025-02-14 18:00:00', 37, 2),
(38, '2025-02-15 09:00:00', 38, 3),
(39, '2025-02-16 15:00:00', 39, 4),
(40, '2025-02-17 11:00:00', 40, 5),
(41, '2025-02-18 17:00:00', 41, 1),
(42, '2025-02-19 08:00:00', 42, 2),
(43, '2025-02-20 14:00:00', 43, 3),
(44, '2025-02-21 10:00:00', 44, 4),
(45, '2025-02-22 16:00:00', 45, 5),
(46, '2025-02-23 12:00:00', 46, 1),
(47, '2025-02-24 18:00:00', 47, 2),
(48, '2025-02-25 09:00:00', 48, 3),
(49, '2025-02-26 15:00:00', 49, 4),
(50, '2025-02-27 11:00:00', 50, 5);


-- Tabela HISTORICO_PAGAMENTO
INSERT INTO HISTORICO_PAGAMENTO (id, data_pagamento, valor, data_vencimento, metodo_pagamento, aluno_id) VALUES
(1, '2024-12-05', 199.90, '2024-12-10', 'Cartão', 1),
(2, '2025-01-02', 99.90, '2025-01-10', 'Boleto', 2),
(3, '2025-01-01', 199.90, '2025-01-10', 'Pix', 1),
(4, '2024-11-10', 299.90, '2024-11-15', 'Cartão', 3),
(5, '2024-10-05', 50.00, '2024-10-10', 'Boleto', 4),
(6, '2024-09-12', 250.00, '2024-09-17', 'Pix', 5),
(7, '2024-08-15', 199.90, '2024-08-20', 'Cartão', 6),
(8, '2024-07-19', 99.90, '2024-07-24', 'Boleto', 7),
(9, '2024-06-22', 299.90, '2024-06-27', 'Pix', 8),
(10, '2024-05-25', 50.00, '2024-05-30', 'Cartão', 9),
(11, '2024-04-28', 250.00, '2024-05-03', 'Boleto', 10),
(12, '2024-03-31', 199.90, '2024-04-05', 'Pix', 11),
(13, '2024-02-03', 99.90, '2024-02-08', 'Cartão', 12),
(14, '2024-01-06', 299.90, '2024-01-11', 'Boleto', 13),
(15, '2023-12-09', 50.00, '2023-12-14', 'Pix', 14),
(16, '2023-11-12', 250.00, '2023-11-17', 'Cartão', 15),
(17, '2023-10-15', 199.90, '2023-10-20', 'Boleto', 16),
(18, '2023-09-18', 99.90, '2023-09-23', 'Pix', 17),
(19, '2023-08-21', 299.90, '2023-08-26', 'Cartão', 18),
(20, '2023-07-24', 50.00, '2023-07-29', 'Boleto', 19),
(21, '2023-06-27', 250.00, '2023-07-02', 'Pix', 20),
(22, '2023-05-30', 199.90, '2023-06-04', 'Cartão', 21),
(23, '2023-05-03', 99.90, '2023-05-08', 'Boleto', 22),
(24, '2023-04-06', 299.90, '2023-04-11', 'Pix', 23),
(25, '2023-03-09', 50.00, '2023-03-14', 'Cartão', 24),
(26, '2023-02-12', 250.00, '2023-02-17', 'Boleto', 25),
(27, '2023-01-15', 199.90, '2023-01-20', 'Pix', 26),
(28, '2022-12-18', 99.90, '2022-12-23', 'Cartão', 27),
(29, '2022-11-21', 299.90, '2022-11-26', 'Boleto', 28),
(30, '2022-10-24', 50.00, '2022-10-29', 'Pix', 29),
(31, '2022-09-27', 250.00, '2022-10-02', 'Cartão', 30),
(32, '2022-08-30', 199.90, '2022-09-04', 'Boleto', 31),
(33, '2022-08-03', 99.90, '2022-08-08', 'Pix', 32),
(34, '2022-07-06', 299.90, '2022-07-11', 'Cartão', 33),
(35, '2022-06-09', 50.00, '2022-06-14', 'Boleto', 34),
(36, '2022-05-12', 250.00, '2022-05-17', 'Pix', 35),
(37, '2022-04-15', 199.90, '2022-04-20', 'Cartão', 36),
(38, '2022-03-18', 99.90, '2022-03-23', 'Boleto', 37),
(39, '2022-02-21', 299.90, '2022-02-26', 'Pix', 38),
(40, '2022-01-24', 50.00, '2022-01-29', 'Cartão', 39),
(41, '2021-12-27', 250.00, '2022-01-02', 'Boleto', 40),
(42, '2021-11-30', 199.90, '2021-12-05', 'Pix', 41),
(43, '2021-10-03', 99.90, '2021-10-08', 'Cartão', 42),
(44, '2021-09-06', 299.90, '2021-09-11', 'Boleto', 43),
(45, '2021-08-09', 50.00, '2021-08-14', 'Pix', 44),
(46, '2021-07-12', 250.00, '2021-07-17', 'Cartão', 45),
(47, '2021-06-15', 199.90, '2021-06-20', 'Boleto', 46),
(48, '2021-05-18', 99.90, '2021-05-23', 'Pix', 47),
(49, '2021-04-21', 299.90, '2021-04-26', 'Cartão', 48);


-- Tabela HISTORICO_AVALIACAO
INSERT INTO HISTORICO_AVALIACAO (id, peso, gordura_corporal, musculo_esqueletico, tipo_dieta, aluno_id, funcionario_id) VALUES
(1, 60.70, 15.70, 18.90, 'cutting', 2, 6),
(2, 70.80, 12.50, 24.30, 'bulking', 3, 7),
(3, 75.60, 14.20, 26.10, 'cutting', 4, 8),
(4, 68.40, 10.90, 22.50, 'maintenance', 5, 9),
(5, 80.20, 17.50, 28.40, 'bulking', 6, 10),
(6, 55.30, 8.70, 16.40, 'cutting', 7, 11),
(7, 90.50, 20.30, 30.70, 'bulking', 8, 12),
(8, 62.90, 13.40, 20.20, 'maintenance', 9, 13),
(9, 65.40, 11.00, 21.50, 'cutting', 10, 14),
(10, 70.30, 18.20, 23.90, 'bulking', 11, 15),
(11, 85.40, 19.50, 29.80, 'cutting', 12, 16),
(12, 58.60, 9.80, 17.60, 'maintenance', 13, 17),
(13, 64.70, 12.20, 21.10, 'cutting', 14, 18),
(14, 76.80, 16.30, 27.90, 'bulking', 15, 19),
(15, 60.20, 14.10, 19.40, 'maintenance', 16, 20),
(16, 78.90, 18.50, 28.10, 'cutting', 17, 21),
(17, 63.40, 10.70, 20.30, 'bulking', 18, 22),
(18, 85.20, 19.20, 29.70, 'maintenance', 19, 23),
(19, 56.50, 9.10, 16.80, 'cutting', 20, 24),
(20, 90.30, 22.40, 31.90, 'bulking', 21, 25),
(21, 68.70, 13.20, 22.80, 'maintenance', 22, 1),
(22, 72.10, 11.80, 24.50, 'cutting', 23, 2),
(23, 77.40, 15.60, 25.90, 'bulking', 24, 3),
(24, 59.80, 10.30, 18.70, 'maintenance', 25, 4),
(25, 65.90, 12.70, 21.90, 'cutting', 26, 5),
(26, 80.40, 16.80, 27.50, 'bulking', 27, 6),
(27, 61.20, 11.40, 19.30, 'maintenance', 28, 7),
(28, 78.10, 15.10, 26.30, 'cutting', 29, 8),
(29, 83.20, 17.80, 28.90, 'bulking', 30, 9),
(30, 57.90, 9.60, 17.20, 'maintenance', 31, 10),
(31, 66.30, 13.00, 22.00, 'cutting', 32, 11),
(32, 79.50, 16.60, 27.80, 'bulking', 33, 12),
(33, 60.90, 10.50, 19.00, 'maintenance', 34, 13),
(34, 82.70, 18.40, 29.50, 'cutting', 35, 14),
(35, 55.80, 8.90, 16.30, 'bulking', 36, 15),
(36, 87.60, 20.60, 30.30, 'maintenance', 37, 16),
(37, 62.20, 11.70, 20.60, 'cutting', 38, 17),
(38, 75.10, 14.80, 25.40, 'bulking', 39, 18),
(39, 67.80, 12.10, 22.90, 'maintenance', 40, 19),
(40, 81.90, 17.10, 28.50, 'cutting', 41, 20),
(41, 58.10, 9.40, 17.40, 'bulking', 42, 21),
(42, 70.50, 13.50, 23.60, 'maintenance', 43, 22),
(43, 78.20, 15.90, 26.70, 'cutting', 44, 23),
(44, 85.30, 19.00, 29.10, 'bulking', 45, 24),
(45, 61.50, 10.20, 20.00, 'maintenance', 46, 25),
(46, 77.60, 16.00, 27.20, 'cutting', 47, 1),
(47, 63.80, 11.20, 21.40, 'bulking', 48, 2),
(48, 82.10, 18.70, 29.20, 'bulking', 1, 3);



